time,open,high,low,close
2022-07-23T09:00:00+01:00,1579,1587.53,1520.09,1522.03
2022-07-23T13:00:00+01:00,1523.66,1536.77,1507.36,1524.1
2022-07-23T17:00:00+01:00,1523.29,1532.84,1491.38,1513.61
2022-07-23T21:00:00+01:00,1513.14,1555.4,1513.09,1549.25
2022-07-24T01:00:00+01:00,1549.52,1576.28,1547.79,1551.92
2022-07-24T05:00:00+01:00,1552.21,1619.08,1547.12,1604.96
2022-07-24T09:00:00+01:00,1606.85,1626.67,1581.11,1615.98
2022-07-24T13:00:00+01:00,1618.67,1620.29,1575.81,1612.57
2022-07-24T17:00:00+01:00,1612.97,1615.28,1585.36,1603.57
2022-07-24T21:00:00+01:00,1603.17,1663.02,1591.91,1598.34
2022-07-25T01:00:00+01:00,1598.76,1608.79,1503.16,1511
2022-07-25T05:00:00+01:00,1511.35,1529.26,1501.12,1522.98
2022-07-25T09:00:00+01:00,1522.95,1552.07,1512.86,1537.27
2022-07-25T13:00:00+01:00,1537.22,1538.08,1503.53,1526.55
2022-07-25T17:00:00+01:00,1526.51,1534.61,1457.37,1495.46
2022-07-25T21:00:00+01:00,1496.21,1537.65,1438.58,1440.41
2022-07-26T01:00:00+01:00,1436.44,1447.6,1403.58,1433.09
2022-07-26T05:00:00+01:00,1433.18,1437.8,1408.3,1409.48
2022-07-26T09:00:00+01:00,1409.34,1423.51,1389.07,1406.12
2022-07-26T13:00:00+01:00,1406.61,1419.14,1366.16,1369.04
2022-07-26T17:00:00+01:00,1368.83,1395.3,1358.72,1366.92
2022-07-26T21:00:00+01:00,1366.78,1453.72,1357.63,1449.78
2022-07-27T01:00:00+01:00,1450.72,1458.02,1421.74,1424.44
2022-07-27T05:00:00+01:00,1424.55,1470.17,1423.1,1464.53
2022-07-27T09:00:00+01:00,1464.55,1473.11,1450.66,1452.73
2022-07-27T13:00:00+01:00,1450.89,1497.31,1447.23,1490.64
2022-07-27T17:00:00+01:00,1489.99,1612.01,1479.6,1587.87
2022-07-27T21:00:00+01:00,1588.01,1642.51,1587.56,1636.56
2022-07-28T01:00:00+01:00,1638.91,1674.32,1606.43,1648.94
2022-07-28T05:00:00+01:00,1649.3,1654.09,1614.61,1618.57
2022-07-28T09:00:00+01:00,1619.24,1642.95,1602.99,1641.61
2022-07-28T13:00:00+01:00,1641.17,1752.37,1598.28,1728.27
2022-07-28T17:00:00+01:00,1725.81,1750.24,1714.13,1726.01
2022-07-28T21:00:00+01:00,1725.94,1783.29,1715.02,1725.38
2022-07-29T01:00:00+01:00,1726.08,1732.66,1697.5,1728.07
2022-07-29T05:00:00+01:00,1727.61,1751.84,1706.86,1715.65
2022-07-29T09:00:00+01:00,1716.13,1734.04,1669.86,1682.52
2022-07-29T13:00:00+01:00,1682.7,1746.65,1658.16,1722.03
2022-07-29T17:00:00+01:00,1722.3,1734.66,1669.82,1724.35
2022-07-29T21:00:00+01:00,1724.47,1766.58,1704.29,1722.77
2022-07-30T01:00:00+01:00,1724.01,1735.75,1688.48,1707.99
2022-07-30T05:00:00+01:00,1708.14,1720.38,1692.42,1715.81
2022-07-30T09:00:00+01:00,1716.55,1722.7,1678.69,1705.58
2022-07-30T13:00:00+01:00,1705.49,1743.84,1699.44,1737.84
2022-07-30T17:00:00+01:00,1736.98,1737.1,1688.41,1693.22
2022-07-30T21:00:00+01:00,1691.48,1709.86,1675.34,1697.13
2022-07-31T01:00:00+01:00,1696.65,1711.52,1687.5,1694.64
2022-07-31T05:00:00+01:00,1694.82,1708.17,1690.98,1698.19
2022-07-31T09:00:00+01:00,1696.35,1722.73,1688.1,1719.46
2022-07-31T13:00:00+01:00,1719.1,1721.81,1695.97,1712.42
2022-07-31T17:00:00+01:00,1713.45,1751.82,1689.33,1717.48
2022-07-31T21:00:00+01:00,1718.34,1725.5,1667.8,1679.89
2022-08-01T01:00:00+01:00,1678.42,1704.96,1675.86,1691.9
2022-08-01T05:00:00+01:00,1693.57,1697.61,1675.26,1693.49
2022-08-01T09:00:00+01:00,1694.1,1695.55,1644.46,1669.17
2022-08-01T13:00:00+01:00,1669.58,1690.46,1639.33,1673.81
2022-08-01T17:00:00+01:00,1674.23,1674.26,1617.33,1622.97
2022-08-01T21:00:00+01:00,1622.39,1644.14,1608.2,1630.95
2022-08-02T01:00:00+01:00,1630,1656.68,1570.65,1577.98
2022-08-02T05:00:00+01:00,1577.71,1595.83,1565.9,1593.9
2022-08-02T09:00:00+01:00,1594.45,1597.68,1561.15,1587.86
2022-08-02T13:00:00+01:00,1588.12,1636.87,1565.53,1630.21
2022-08-02T17:00:00+01:00,1628.83,1678.4,1623.62,1637.05
2022-08-02T21:00:00+01:00,1637.85,1659.64,1629.49,1631.55
2022-08-03T01:00:00+01:00,1632.5,1639.1,1591.79,1620.26
2022-08-03T05:00:00+01:00,1619.5,1643.49,1614.24,1629.17
2022-08-03T09:00:00+01:00,1629.92,1671.04,1629.44,1666.42
2022-08-03T13:00:00+01:00,1666.31,1684.22,1646.39,1656.2
2022-08-03T17:00:00+01:00,1654.82,1671.27,1649.11,1654.8
2022-08-03T21:00:00+01:00,1654.48,1657.78,1609.43,1619.19
2022-08-04T01:00:00+01:00,1617.78,1659.13,1617.1,1650.4
2022-08-04T05:00:00+01:00,1650.52,1662.15,1617.36,1626.2
2022-08-04T09:00:00+01:00,1625.31,1630.93,1607.95,1616.64
2022-08-04T13:00:00+01:00,1616.82,1642.62,1598.66,1615.07
2022-08-04T17:00:00+01:00,1617.05,1623.77,1580.09,1591.34
2022-08-04T21:00:00+01:00,1591.58,1612.8,1582.04,1607.97
2022-08-05T01:00:00+01:00,1607.53,1667.88,1605.68,1659.83
2022-08-05T05:00:00+01:00,1660.28,1679.7,1647.84,1663.27
2022-08-05T09:00:00+01:00,1663.28,1716.47,1652.81,1714.37
2022-08-05T13:00:00+01:00,1714.24,1723.95,1665.02,1671.09
2022-08-05T17:00:00+01:00,1671.52,1683.56,1658.01,1682.02
2022-08-05T21:00:00+01:00,1680.87,1740,1668.1,1737.71
2022-08-06T01:00:00+01:00,1735.56,1749.96,1728.41,1735.06
2022-08-06T05:00:00+01:00,1735.09,1737.81,1715.53,1720.43
2022-08-06T09:00:00+01:00,1722.08,1724.85,1703.64,1712.59
2022-08-06T13:00:00+01:00,1713.17,1721.56,1707.58,1715.93
2022-08-06T17:00:00+01:00,1715.44,1720.47,1688.03,1715.28
2022-08-06T21:00:00+01:00,1715.82,1722.12,1688.72,1690.49
2022-08-07T01:00:00+01:00,1690.84,1698.51,1669.88,1684.86
2022-08-07T05:00:00+01:00,1685.05,1689.17,1673.97,1686.58
2022-08-07T09:00:00+01:00,1686.65,1693.53,1675.35,1693.04
2022-08-07T13:00:00+01:00,1694.31,1715.13,1693.02,1699.55
2022-08-07T17:00:00+01:00,1700.1,1721.17,1695.35,1708.47
2022-08-07T21:00:00+01:00,1708.73,1728.51,1692.04,1700.74
2022-08-08T01:00:00+01:00,1701.01,1719.16,1695.02,1710.07
2022-08-08T05:00:00+01:00,1710.07,1739.07,1709.19,1733.48
2022-08-08T09:00:00+01:00,1733.66,1792,1729.68,1789.37
2022-08-08T13:00:00+01:00,1788.88,1816.7,1768.24,1776.01
2022-08-08T17:00:00+01:00,1775.76,1786.58,1757.51,1783.98
2022-08-08T21:00:00+01:00,1783.84,1798.25,1759.86,1777.89
2022-08-09T01:00:00+01:00,1777.68,1786,1762.27,1778.85
2022-08-09T05:00:00+01:00,1779.16,1790.84,1767.4,1782.37
2022-08-09T09:00:00+01:00,1782.2,1782.9,1694.29,1704.57
2022-08-09T13:00:00+01:00,1703.33,1717.03,1670.4,1685.81
2022-08-09T17:00:00+01:00,1685.99,1698.08,1675.52,1689.07
2022-08-09T21:00:00+01:00,1688.9,1716.65,1688.64,1703.45
2022-08-10T01:00:00+01:00,1702.28,1702.3,1661.02,1670.15
2022-08-10T05:00:00+01:00,1670.01,1690.96,1669.13,1686.55
2022-08-10T09:00:00+01:00,1687.45,1713.4,1685.01,1707.71
2022-08-10T13:00:00+01:00,1707.87,1851.8,1704.93,1838.16
2022-08-10T17:00:00+01:00,1838.71,1849.89,1803.32,1818.8
2022-08-10T21:00:00+01:00,1821.35,1885.18,1820.08,1854.49
2022-08-11T01:00:00+01:00,1855.04,1917.61,1851.32,1881.41
2022-08-11T05:00:00+01:00,1882.03,1905.85,1872.45,1879.9
2022-08-11T09:00:00+01:00,1876.92,1913.04,1874.63,1904.28
2022-08-11T13:00:00+01:00,1905.9,1941.24,1885.42,1891.26
2022-08-11T17:00:00+01:00,1893.62,1908.65,1877.15,1899.49
2022-08-11T21:00:00+01:00,1897.99,1907.87,1865.95,1881.75
2022-08-12T01:00:00+01:00,1882.03,1913.55,1859.34,1905.68
2022-08-12T05:00:00+01:00,1905.47,1910.6,1884.07,1889.57
2022-08-12T09:00:00+01:00,1889.21,1906.01,1855.33,1870.04
2022-08-12T13:00:00+01:00,1870.03,1903.54,1868.53,1898.98
2022-08-12T17:00:00+01:00,1901.21,1931.16,1892.39,1927.68
2022-08-12T21:00:00+01:00,1925.77,1965.5,1916.81,1959.37
2022-08-13T01:00:00+01:00,1958.67,1998.58,1947.92,1997.02
2022-08-13T05:00:00+01:00,1996.33,2020.05,1985.99,1996.76
2022-08-13T09:00:00+01:00,1997.51,2008.2,1976.19,1987.07
2022-08-13T13:00:00+01:00,1986.59,1992.48,1964.76,1989.02
2022-08-13T17:00:00+01:00,1989.61,2004,1973.68,1976.69
2022-08-13T21:00:00+01:00,1975.99,1994.23,1970.17,1984.39
2022-08-14T01:00:00+01:00,1984.53,1996.1,1972.27,1987.21
2022-08-14T05:00:00+01:00,1986.49,2029.51,1982.65,2017.87
2022-08-14T09:00:00+01:00,2015.61,2016.68,1982.49,1990.94
2022-08-14T13:00:00+01:00,1990.59,1992.55,1972.47,1984.61
2022-08-14T17:00:00+01:00,1984.1,1984.98,1910.5,1932.03
2022-08-14T21:00:00+01:00,1931.82,1961.29,1919.95,1935.86
2022-08-15T01:00:00+01:00,1934.93,2011.71,1926.54,1986.42
2022-08-15T05:00:00+01:00,1986.38,1989.26,1886.43,1900.18
2022-08-15T09:00:00+01:00,1901.16,1912.02,1880.29,1892.35
2022-08-15T13:00:00+01:00,1892.53,1920.99,1873.62,1918.71
2022-08-15T17:00:00+01:00,1919.55,1933.35,1886.95,1889.79
2022-08-15T21:00:00+01:00,1889.9,1917.62,1877.28,1900.06
2022-08-16T01:00:00+01:00,1899.98,1913.97,1862.87,1888.88
2022-08-16T05:00:00+01:00,1889.12,1893.49,1859.14,1886.3
2022-08-16T09:00:00+01:00,1887.06,1915.31,1876.17,1906.98
2022-08-16T13:00:00+01:00,1907.08,1914.27,1864.31,1887.8
2022-08-16T17:00:00+01:00,1887.27,1897.83,1853.3,1880.01
2022-08-16T21:00:00+01:00,1879.59,1886.3,1867.46,1877.57
2022-08-17T01:00:00+01:00,1877.41,1904.28,1875.46,1896.45
2022-08-17T05:00:00+01:00,1897.04,1956.18,1887.29,1891.25
2022-08-17T09:00:00+01:00,1890.19,1902.47,1870.6,1877.35
2022-08-17T13:00:00+01:00,1876.82,1885.1,1819.83,1831.18
2022-08-17T17:00:00+01:00,1829.79,1870.29,1824.7,1838.17
2022-08-17T21:00:00+01:00,1838.1,1853.88,1825.29,1834.28
2022-08-18T01:00:00+01:00,1834.96,1864.86,1822.42,1849.11
2022-08-18T05:00:00+01:00,1849.23,1852.36,1836.76,1845.03
2022-08-18T09:00:00+01:00,1845.45,1865.31,1835.5,1859.64
2022-08-18T13:00:00+01:00,1859.76,1880.81,1850.14,1873.53
2022-08-18T17:00:00+01:00,1873.64,1878.29,1857.2,1870.39
2022-08-18T21:00:00+01:00,1870.51,1878.87,1841.43,1846.59
2022-08-19T01:00:00+01:00,1845.39,1847.23,1805.53,1818.04
2022-08-19T05:00:00+01:00,1818.26,1824.87,1707.29,1744.54
2022-08-19T09:00:00+01:00,1743.26,1743.99,1685.45,1707.92
2022-08-19T13:00:00+01:00,1706.87,1707.68,1683.21,1698.18
2022-08-19T17:00:00+01:00,1699.39,1727.97,1683.08,1701.3
2022-08-19T21:00:00+01:00,1702.98,1705.63,1606.31,1609.3
2022-08-20T01:00:00+01:00,1610.29,1640.69,1605.14,1627.98
2022-08-20T05:00:00+01:00,1627.39,1656.75,1626.17,1647.86
2022-08-20T09:00:00+01:00,1646.75,1649.65,1617.11,1632.48
2022-08-20T13:00:00+01:00,1632.24,1644.15,1625.23,1635.31
2022-08-20T17:00:00+01:00,1635.21,1638.81,1555.97,1563.67
2022-08-20T21:00:00+01:00,1563.73,1587.89,1526.67,1575.97
2022-08-21T01:00:00+01:00,1576.66,1603.99,1573.86,1585.83
2022-08-21T05:00:00+01:00,1585.49,1593.81,1563.88,1584.85
2022-08-21T09:00:00+01:00,1585.51,1628.88,1585.44,1626.95
2022-08-21T13:00:00+01:00,1626.98,1640.86,1602.1,1621.26
2022-08-21T17:00:00+01:00,1621.73,1633.7,1611.83,1624.25
2022-08-21T21:00:00+01:00,1625.05,1644.97,1581.45,1616.58
2022-08-22T01:00:00+01:00,1617.76,1620.79,1594.53,1595.62
2022-08-22T05:00:00+01:00,1595.09,1609.82,1552.41,1556.73
2022-08-22T09:00:00+01:00,1556.53,1579.7,1530.67,1567.56
2022-08-22T13:00:00+01:00,1568.1,1593.72,1549.93,1590.4
2022-08-22T17:00:00+01:00,1592.36,1599.37,1549.05,1566.86
2022-08-22T21:00:00+01:00,1567.43,1627.83,1565.04,1624.93
2022-08-23T01:00:00+01:00,1625.11,1638.4,1608.54,1609.37
2022-08-23T05:00:00+01:00,1610.02,1616.62,1564.85,1601.9
2022-08-23T09:00:00+01:00,1603.31,1623.21,1589.18,1620.45
2022-08-23T13:00:00+01:00,1620.62,1652.06,1608.09,1640.44
2022-08-23T17:00:00+01:00,1639.59,1671.18,1625.69,1650.03
2022-08-23T21:00:00+01:00,1650.8,1671.23,1642.24,1665
2022-08-24T01:00:00+01:00,1665.71,1666.05,1605.78,1614.55
2022-08-24T05:00:00+01:00,1614.38,1648.96,1610.87,1626.81
2022-08-24T09:00:00+01:00,1626.48,1652.89,1626.2,1651.58
2022-08-24T13:00:00+01:00,1652.14,1687.01,1643.58,1683.92
2022-08-24T17:00:00+01:00,1685.76,1698.56,1663.84,1678.48
2022-08-24T21:00:00+01:00,1679.56,1685.91,1653.17,1656.83
2022-08-25T01:00:00+01:00,1655.93,1684.9,1655.87,1669.86
2022-08-25T05:00:00+01:00,1669.97,1710.79,1669.84,1708.5
2022-08-25T09:00:00+01:00,1710.06,1715.36,1693.94,1710.34
2022-08-25T13:00:00+01:00,1709.83,1721,1690.61,1701.59
2022-08-25T17:00:00+01:00,1701.46,1712.53,1690.81,1706.62
2022-08-25T21:00:00+01:00,1707.64,1712.32,1684.65,1695.87
2022-08-26T01:00:00+01:00,1692.88,1694.31,1672.82,1687.56
2022-08-26T05:00:00+01:00,1687.61,1687.97,1643.54,1660.56
2022-08-26T09:00:00+01:00,1660.48,1666.31,1623.65,1629.45
2022-08-26T13:00:00+01:00,1630.27,1703.66,1588.09,1593.25
2022-08-26T17:00:00+01:00,1593.26,1599.14,1540.37,1559.89
2022-08-26T21:00:00+01:00,1560.02,1568.76,1488.58,1508.73
2022-08-27T01:00:00+01:00,1508.58,1518.41,1484.58,1502.05
2022-08-27T05:00:00+01:00,1501.94,1509.46,1472.3,1507.93
2022-08-27T09:00:00+01:00,1508.14,1510.98,1496.06,1505.43
2022-08-27T13:00:00+01:00,1505.44,1509.26,1458.02,1470.72
2022-08-27T17:00:00+01:00,1470.72,1483.94,1449.23,1480.13
2022-08-27T21:00:00+01:00,1480.17,1498.49,1459.61,1491.14
2022-08-28T01:00:00+01:00,1491.16,1509.56,1478.02,1492.03
2022-08-28T05:00:00+01:00,1491.99,1501.66,1482.05,1496.85
2022-08-28T09:00:00+01:00,1496.85,1503.89,1476.67,1485.56
2022-08-28T13:00:00+01:00,1485.68,1488.98,1459.44,1486.94
2022-08-28T17:00:00+01:00,1486.92,1496.92,1478.9,1483.67
2022-08-28T21:00:00+01:00,1483.67,1491.75,1424.35,1426.27
2022-08-29T01:00:00+01:00,1426.21,1461.99,1422.76,1456.13
2022-08-29T05:00:00+01:00,1456.1,1462.01,1440.01,1454.12
2022-08-29T09:00:00+01:00,1454.24,1455.84,1442.36,1448.48
2022-08-29T13:00:00+01:00,1448.48,1529.84,1447.26,1521.36
2022-08-29T17:00:00+01:00,1521.45,1544.96,1520.35,1530.71
2022-08-29T21:00:00+01:00,1530.74,1559.54,1529.68,1552.56
2022-08-30T01:00:00+01:00,1552.31,1554.39,1524.64,1543.95
2022-08-30T05:00:00+01:00,1543.68,1599.29,1543.25,1587.27
2022-08-30T09:00:00+01:00,1587.36,1604.86,1576.69,1584.77
2022-08-30T13:00:00+01:00,1584.77,1592.23,1510.93,1525.32
2022-08-30T17:00:00+01:00,1527.04,1567.82,1474.95,1543.79
2022-08-30T21:00:00+01:00,1544.72,1565,1517.82,1524.22
2022-08-31T01:00:00+01:00,1524.7,1613.68,1524.09,1606.18
2022-08-31T05:00:00+01:00,1606.1,1618.3,1577.63,1585.08
2022-08-31T09:00:00+01:00,1585.06,1606.85,1561.18,1595.35
2022-08-31T13:00:00+01:00,1595.35,1608.82,1536.64,1561.21
2022-08-31T17:00:00+01:00,1561.22,1588.7,1529.37,1575.78
2022-08-31T21:00:00+01:00,1575.78,1583.72,1542.53,1554.46
2022-09-01T01:00:00+01:00,1554.45,1573.58,1535.37,1549.4
2022-09-01T05:00:00+01:00,1549.36,1562.72,1531.83,1544.54
2022-09-01T09:00:00+01:00,1544.43,1585.18,1534.38,1577.99
2022-09-01T13:00:00+01:00,1578.01,1580.91,1514.14,1535.37
2022-09-01T17:00:00+01:00,1535.56,1571.94,1524.38,1564.36
2022-09-01T21:00:00+01:00,1564.35,1598.17,1562.18,1585.51
2022-09-02T01:00:00+01:00,1585.62,1604.49,1568.31,1596.29
2022-09-02T05:00:00+01:00,1596.07,1608.21,1579.99,1594.31
2022-09-02T09:00:00+01:00,1594.05,1601.62,1582.76,1593.22
2022-09-02T13:00:00+01:00,1594.18,1647.84,1587.39,1636.73
2022-09-02T17:00:00+01:00,1638.05,1638.6,1547.77,1561.3
2022-09-02T21:00:00+01:00,1560.56,1585.63,1551.66,1575.55
2022-09-03T01:00:00+01:00,1575.31,1581.75,1554.87,1561.54
2022-09-03T05:00:00+01:00,1561.34,1572.71,1535.2,1544.32
2022-09-03T09:00:00+01:00,1544.29,1559,1540.93,1549.26
2022-09-03T13:00:00+01:00,1549.26,1564.92,1545.08,1548.39
2022-09-03T17:00:00+01:00,1549.28,1562.33,1537.36,1549.74
2022-09-03T21:00:00+01:00,1548.8,1560.49,1547.55,1557.72
2022-09-04T01:00:00+01:00,1557.96,1561.47,1548.17,1552.36
2022-09-04T05:00:00+01:00,1552.51,1556.88,1544.44,1545.41
2022-09-04T09:00:00+01:00,1544.35,1564.01,1542.01,1564.01
2022-09-04T13:00:00+01:00,1566.94,1578.94,1545.34,1560.19
2022-09-04T17:00:00+01:00,1560.51,1574.06,1556.61,1567.18
2022-09-04T21:00:00+01:00,1568.25,1580.25,1564.61,1579.4
2022-09-05T01:00:00+01:00,1579.88,1590.73,1569.22,1575.61
2022-09-05T05:00:00+01:00,1575.91,1579.33,1558.02,1562.56
2022-09-05T09:00:00+01:00,1562.41,1569.42,1558.33,1566.78
2022-09-05T13:00:00+01:00,1566.12,1605.54,1562.78,1600.84
2022-09-05T17:00:00+01:00,1601.2,1612.6,1577.19,1585.84
2022-09-05T21:00:00+01:00,1586.55,1627.22,1585.28,1617.33
2022-09-06T01:00:00+01:00,1618,1674.28,1614.95,1639.49
2022-09-06T05:00:00+01:00,1640.6,1676.09,1637.37,1658.7
2022-09-06T09:00:00+01:00,1658.96,1677.34,1648.51,1668.47
2022-09-06T13:00:00+01:00,1669.08,1686.3,1636.07,1669.65
2022-09-06T17:00:00+01:00,1669.13,1673.88,1565.53,1576.47
2022-09-06T21:00:00+01:00,1576.96,1588.89,1556.73,1558.87
2022-09-07T01:00:00+01:00,1557.52,1567.84,1492.8,1510.55
2022-09-07T05:00:00+01:00,1510.11,1526.99,1500.02,1518.79
2022-09-07T09:00:00+01:00,1518.31,1524.86,1505.79,1513.99
2022-09-07T13:00:00+01:00,1513.78,1550.46,1501.61,1544.38
2022-09-07T17:00:00+01:00,1545.17,1581.38,1536.58,1570.74
2022-09-07T21:00:00+01:00,1571.5,1656.15,1570.09,1629.45
2022-09-08T01:00:00+01:00,1629.7,1636.6,1614.18,1629.55
2022-09-08T05:00:00+01:00,1630.17,1646.23,1596.39,1613.51
2022-09-08T09:00:00+01:00,1613.53,1645.01,1606.79,1635.83
2022-09-08T13:00:00+01:00,1635.72,1652.03,1598.87,1629.7
2022-09-08T17:00:00+01:00,1628.36,1649.52,1610.18,1649.39
2022-09-08T21:00:00+01:00,1650.15,1663.16,1627.7,1635.57
2022-09-09T01:00:00+01:00,1635.52,1673.76,1631.53,1672.46
2022-09-09T05:00:00+01:00,1674.49,1715.91,1670.47,1705.46
2022-09-09T09:00:00+01:00,1706.14,1713.73,1685.2,1700.81
2022-09-09T13:00:00+01:00,1699.86,1745.43,1699.03,1719.52
2022-09-09T17:00:00+01:00,1718.87,1725.77,1696.55,1720.64
2022-09-09T21:00:00+01:00,1718.24,1731.88,1707.74,1719.05
2022-09-10T01:00:00+01:00,1717.83,1742.74,1707.96,1734.46
2022-09-10T05:00:00+01:00,1734.75,1745.21,1709.76,1711.59
2022-09-10T09:00:00+01:00,1712.03,1728.63,1709.86,1724.54
2022-09-10T13:00:00+01:00,1724.83,1732.76,1714.15,1716.3
2022-09-10T17:00:00+01:00,1717.2,1743.94,1711.28,1741.68
2022-09-10T21:00:00+01:00,1741.34,1789.23,1729.8,1774.97
2022-09-11T01:00:00+01:00,1774.92,1779.29,1757.33,1761.66
2022-09-11T05:00:00+01:00,1762,1768.94,1745.96,1762.09
2022-09-11T09:00:00+01:00,1761.66,1779.36,1758.07,1770.94
2022-09-11T13:00:00+01:00,1771.02,1777.53,1755.2,1769.37
2022-09-11T17:00:00+01:00,1768.37,1789.91,1758.85,1764.21
2022-09-11T21:00:00+01:00,1764.14,1768.45,1721.44,1766.98
2022-09-12T01:00:00+01:00,1765.7,1782.66,1717.57,1727.26
2022-09-12T05:00:00+01:00,1726.82,1762.2,1719.03,1759.42
2022-09-12T09:00:00+01:00,1760.3,1761.96,1730.58,1749.39
2022-09-12T13:00:00+01:00,1748.62,1755.19,1697.12,1707.02
2022-09-12T17:00:00+01:00,1708.46,1732.22,1693.64,1726.24
2022-09-12T21:00:00+01:00,1724.17,1730.06,1702.88,1717.04
2022-09-13T01:00:00+01:00,1717.2,1717.63,1676.93,1716.17
2022-09-13T05:00:00+01:00,1716.17,1729.67,1701.55,1716.49
2022-09-13T09:00:00+01:00,1716.9,1746.1,1708.36,1738.42
2022-09-13T13:00:00+01:00,1740.87,1752.82,1574.77,1594.13
2022-09-13T17:00:00+01:00,1587.87,1631.77,1573.52,1605.36
2022-09-13T21:00:00+01:00,1607.54,1626.21,1562.5,1574.54
2022-09-14T01:00:00+01:00,1573.71,1610.22,1556.06,1602.56
2022-09-14T05:00:00+01:00,1602.34,1623.26,1596.08,1611.91
2022-09-14T09:00:00+01:00,1610.87,1611.51,1585.47,1594.36
2022-09-14T13:00:00+01:00,1594.27,1611.96,1586,1594.99
2022-09-14T17:00:00+01:00,1594.32,1602.48,1558.89,1600.79
2022-09-14T21:00:00+01:00,1601.36,1646.8,1592.3,1638.64
2022-09-15T01:00:00+01:00,1638.52,1654.62,1586.65,1605.87
2022-09-15T05:00:00+01:00,1605.74,1651.08,1572.56,1636.74
2022-09-15T09:00:00+01:00,1635.59,1635.69,1574.88,1591.57
2022-09-15T13:00:00+01:00,1592.47,1598.85,1458.07,1492.74
2022-09-15T17:00:00+01:00,1491.36,1518.62,1483.97,1497.78
2022-09-15T21:00:00+01:00,1498.96,1509.49,1460.88,1472.53
2022-09-16T01:00:00+01:00,1472.58,1483.09,1447.29,1473.81
2022-09-16T05:00:00+01:00,1473.93,1480.15,1467.69,1471.49
2022-09-16T09:00:00+01:00,1471.94,1481.59,1444.33,1478.27
2022-09-16T13:00:00+01:00,1478.55,1478.57,1426.26,1452.3
2022-09-16T17:00:00+01:00,1450.83,1450.83,1407.34,1427.9
2022-09-16T21:00:00+01:00,1428.91,1448.53,1424.2,1433.79
2022-09-17T01:00:00+01:00,1432.96,1458.3,1430.72,1440.33
2022-09-17T05:00:00+01:00,1440.46,1447.44,1425.22,1432.4
2022-09-17T09:00:00+01:00,1433.19,1435.47,1417.78,1419.94
2022-09-17T13:00:00+01:00,1419.9,1450.33,1410,1444.7
2022-09-17T17:00:00+01:00,1443.31,1475.88,1443.02,1464.77
2022-09-17T21:00:00+01:00,1465.15,1473.22,1446.29,1469.1
2022-09-18T01:00:00+01:00,1468.94,1469.45,1447.01,1451.5
2022-09-18T05:00:00+01:00,1451.5,1459.83,1448.68,1453.7
2022-09-18T09:00:00+01:00,1453.92,1459.55,1418.1,1434.36
2022-09-18T13:00:00+01:00,1434.87,1439.81,1409.86,1417.31
2022-09-18T17:00:00+01:00,1417.12,1423.76,1367.93,1380.78
2022-09-18T21:00:00+01:00,1381.24,1381.38,1325.28,1334.63
2022-09-19T01:00:00+01:00,1334.83,1353.17,1289.17,1294.79
2022-09-19T05:00:00+01:00,1296.36,1312.4,1281.85,1302.37
2022-09-19T09:00:00+01:00,1301.89,1318.58,1289.84,1308.05
2022-09-19T13:00:00+01:00,1307.89,1371.2,1307.08,1341.67
2022-09-19T17:00:00+01:00,1343.82,1366.71,1322.7,1362.28
2022-09-19T21:00:00+01:00,1365.52,1392.18,1356.32,1376.11
2022-09-20T01:00:00+01:00,1377.07,1383.78,1343.05,1355.45
2022-09-20T05:00:00+01:00,1353.47,1376.82,1352.31,1358.63
2022-09-20T09:00:00+01:00,1358.94,1366.64,1346.74,1356.35
2022-09-20T13:00:00+01:00,1355.65,1379.47,1329.87,1377.4
2022-09-20T17:00:00+01:00,1377.09,1383.31,1333.32,1351.73
2022-09-20T21:00:00+01:00,1353.13,1356.22,1314.41,1323.18
2022-09-21T01:00:00+01:00,1322.97,1346.44,1318.16,1337.71
2022-09-21T05:00:00+01:00,1337.36,1345.11,1317.5,1332.04
2022-09-21T09:00:00+01:00,1330.83,1353.73,1323.65,1351
2022-09-21T13:00:00+01:00,1350.31,1360.2,1334.16,1343.12
2022-09-21T17:00:00+01:00,1342.32,1395.53,1303.39,1323.67
2022-09-21T21:00:00+01:00,1323.25,1325.7,1221.16,1246.64
2022-09-22T01:00:00+01:00,1246.56,1271.42,1237.8,1262.78
2022-09-22T05:00:00+01:00,1263.46,1280.48,1255.35,1279.07
2022-09-22T09:00:00+01:00,1279.26,1313.02,1277.46,1308.51
2022-09-22T13:00:00+01:00,1309.8,1312.74,1257.06,1271.23
2022-09-22T17:00:00+01:00,1271.68,1336.51,1253.69,1323.98
2022-09-22T21:00:00+01:00,1324.72,1348.2,1307.62,1326.51
2022-09-23T01:00:00+01:00,1326.45,1344.87,1316.14,1340.16
2022-09-23T05:00:00+01:00,1340.79,1358.6,1329.4,1331.61
2022-09-23T09:00:00+01:00,1332.34,1335.14,1282.78,1287.53
2022-09-23T13:00:00+01:00,1286.52,1318.58,1262.62,1293.92
2022-09-23T17:00:00+01:00,1294.66,1306.37,1275.65,1292.89
2022-09-23T21:00:00+01:00,1293.28,1339.35,1292.45,1327.36
2022-09-24T01:00:00+01:00,1327.27,1329.82,1311.18,1321.8
2022-09-24T05:00:00+01:00,1321.88,1337.07,1317.12,1322.57
2022-09-24T09:00:00+01:00,1322.89,1331.71,1317.84,1327.33
2022-09-24T13:00:00+01:00,1327.57,1348.9,1326.38,1339.59
2022-09-24T17:00:00+01:00,1339.85,1347.57,1334.32,1342.58
2022-09-24T21:00:00+01:00,1342.85,1343.9,1306.9,1317.23
2022-09-25T01:00:00+01:00,1317.25,1329.22,1315.64,1329.22
2022-09-25T05:00:00+01:00,1329.03,1336.03,1320.22,1332.88
2022-09-25T09:00:00+01:00,1333.21,1334.4,1317.62,1329.61
2022-09-25T13:00:00+01:00,1329.71,1331.45,1299.6,1311.2
2022-09-25T17:00:00+01:00,1311.1,1320.84,1283.13,1299.85
2022-09-25T21:00:00+01:00,1300.09,1302.71,1271.14,1294.71
2022-09-26T01:00:00+01:00,1294.57,1313.4,1287.99,1303.72
2022-09-26T05:00:00+01:00,1303.43,1306.39,1278.78,1295.47
2022-09-26T09:00:00+01:00,1296.49,1324.17,1289.95,1297.31
2022-09-26T13:00:00+01:00,1296.85,1337.92,1294.62,1325.31
2022-09-26T17:00:00+01:00,1324.19,1339.2,1311.1,1330.24
2022-09-26T21:00:00+01:00,1329.35,1337.48,1315.72,1336.42
2022-09-27T01:00:00+01:00,1336.54,1389.68,1331.91,1385.79
2022-09-27T05:00:00+01:00,1387.22,1394.86,1375.44,1382.5
2022-09-27T09:00:00+01:00,1384.41,1398.36,1375.6,1389.06
2022-09-27T13:00:00+01:00,1389.16,1400.31,1361.76,1364.92
2022-09-27T17:00:00+01:00,1367.05,1367.8,1301.55,1324.55
2022-09-27T21:00:00+01:00,1322.68,1333.93,1316.66,1328.22
2022-09-28T01:00:00+01:00,1327.73,1339.5,1267.43,1287
2022-09-28T05:00:00+01:00,1285.68,1292.7,1267.31,1285.45
2022-09-28T09:00:00+01:00,1285.37,1312.21,1258.13,1294.52
2022-09-28T13:00:00+01:00,1296.42,1333.09,1293.55,1332.15
2022-09-28T17:00:00+01:00,1336.6,1343.24,1308.8,1334.08
2022-09-28T21:00:00+01:00,1333.48,1359.32,1331.89,1336.99
2022-09-29T01:00:00+01:00,1336.6,1352.06,1326.89,1341.87
2022-09-29T05:00:00+01:00,1341.68,1345.49,1314.15,1322.05
2022-09-29T09:00:00+01:00,1320.75,1343.64,1314.55,1336.97
2022-09-29T13:00:00+01:00,1336.87,1337.1,1289.32,1327.2
2022-09-29T17:00:00+01:00,1327.49,1347.94,1315.18,1333.34
2022-09-29T21:00:00+01:00,1334.86,1339.68,1324.83,1336.14
2022-09-30T01:00:00+01:00,1337.1,1352.14,1320.71,1327.45
2022-09-30T05:00:00+01:00,1327.68,1346.45,1326.33,1340.51
2022-09-30T09:00:00+01:00,1340.92,1349.38,1328.17,1330.77
2022-09-30T13:00:00+01:00,1331.32,1373.09,1316.49,1351.46
2022-09-30T17:00:00+01:00,1346.63,1362.46,1335.14,1338.3
2022-09-30T21:00:00+01:00,1336.42,1345.42,1316.86,1328.97
2022-10-01T01:00:00+01:00,1328.24,1333.82,1324.38,1329.68
2022-10-01T05:00:00+01:00,1329.58,1331.79,1323.8,1329.2
2022-10-01T09:00:00+01:00,1329.17,1334.58,1318.41,1325.57
2022-10-01T13:00:00+01:00,1325.22,1329.72,1319.95,1322.45
2022-10-01T17:00:00+01:00,1323.24,1323.74,1305.76,1312.17
2022-10-01T21:00:00+01:00,1311.12,1316.1,1303.36,1312.07
2022-10-02T01:00:00+01:00,1311.67,1315.96,1306.57,1309.7
2022-10-02T05:00:00+01:00,1309.55,1317.34,1308.47,1311.27
2022-10-02T09:00:00+01:00,1310.83,1312.99,1287.06,1298.08
2022-10-02T13:00:00+01:00,1297.94,1301.09,1287.7,1293.38
2022-10-02T17:00:00+01:00,1293.3,1312.11,1292.22,1304.9
2022-10-02T21:00:00+01:00,1305.71,1307.38,1270.73,1276.76
2022-10-03T01:00:00+01:00,1277.84,1298.74,1267.21,1291.84
2022-10-03T05:00:00+01:00,1291.85,1300.65,1284.48,1292.07
2022-10-03T09:00:00+01:00,1291.75,1299.13,1286.51,1298.78
2022-10-03T13:00:00+01:00,1298.76,1327.17,1294.64,1318.69
2022-10-03T17:00:00+01:00,1319.85,1330.11,1309.87,1317.17
2022-10-03T21:00:00+01:00,1318.29,1328.07,1315.23,1323.56
2022-10-04T01:00:00+01:00,1323.88,1330.33,1319.52,1329.56
2022-10-04T05:00:00+01:00,1330.01,1350.62,1324.77,1350.25
2022-10-04T09:00:00+01:00,1351.35,1360.52,1342.62,1350.18
2022-10-04T13:00:00+01:00,1349.19,1362.58,1346.62,1354.39
2022-10-04T17:00:00+01:00,1354.86,1357.76,1338.49,1355.18
2022-10-04T21:00:00+01:00,1354.59,1370.13,1351.8,1361.85
2022-10-05T01:00:00+01:00,1361.84,1363.76,1352.84,1354.39
2022-10-05T05:00:00+01:00,1354.25,1360.1,1348.02,1353.51
2022-10-05T09:00:00+01:00,1353.19,1354.17,1332.21,1335.33
2022-10-05T13:00:00+01:00,1334.99,1336.79,1317.28,1330.48
2022-10-05T17:00:00+01:00,1330.15,1364.74,1327.86,1350.45
2022-10-05T21:00:00+01:00,1351.57,1357.79,1344.25,1352.48
2022-10-06T01:00:00+01:00,1352.09,1383.07,1352.09,1373.07
2022-10-06T05:00:00+01:00,1372.95,1380.87,1362.38,1368.61
2022-10-06T09:00:00+01:00,1368.32,1370.43,1356.02,1369.02
2022-10-06T13:00:00+01:00,1368.64,1381.32,1350.1,1361.38
2022-10-06T17:00:00+01:00,1360.56,1374.29,1354.99,1359.26
2022-10-06T21:00:00+01:00,1359.08,1364.23,1347.12,1352.05
2022-10-07T01:00:00+01:00,1352.27,1360.97,1350.92,1355.5
2022-10-07T05:00:00+01:00,1355.13,1359.41,1346.05,1356.2
2022-10-07T09:00:00+01:00,1356.37,1360.62,1352.73,1355.1
2022-10-07T13:00:00+01:00,1354.76,1358.68,1323.16,1334.21
2022-10-07T17:00:00+01:00,1333.3,1336.42,1319.55,1327.91
2022-10-07T21:00:00+01:00,1327.89,1337.24,1325.49,1331.14
2022-10-08T01:00:00+01:00,1331.02,1337.18,1330.58,1331.35
2022-10-08T05:00:00+01:00,1331.61,1333.06,1326.49,1330.75
2022-10-08T09:00:00+01:00,1331.18,1331.18,1324.7,1330.29
2022-10-08T13:00:00+01:00,1330.12,1330.18,1320.68,1324.68
2022-10-08T17:00:00+01:00,1324.16,1330.26,1322.93,1324.86
2022-10-08T21:00:00+01:00,1324.61,1326.59,1304.59,1315.5
2022-10-09T01:00:00+01:00,1315.58,1316.97,1308.01,1310.84
2022-10-09T05:00:00+01:00,1310.66,1317.93,1309.28,1315.54
2022-10-09T09:00:00+01:00,1315.67,1327.77,1314.02,1323.5
2022-10-09T13:00:00+01:00,1323.78,1329.01,1321.45,1327.11
2022-10-09T17:00:00+01:00,1326.88,1327.55,1310.17,1320.07
2022-10-09T21:00:00+01:00,1319.53,1323.45,1315.02,1323.39
2022-10-10T01:00:00+01:00,1322.85,1337.96,1321.06,1323.37
2022-10-10T05:00:00+01:00,1322.82,1325.37,1313.28,1316.92
2022-10-10T09:00:00+01:00,1317.19,1317.49,1296.13,1315.25
2022-10-10T13:00:00+01:00,1315.32,1319.47,1303.51,1308.42
2022-10-10T17:00:00+01:00,1308.58,1314.69,1298.9,1307.83
2022-10-10T21:00:00+01:00,1307.78,1309.77,1288.92,1290.04
2022-10-11T01:00:00+01:00,1288.09,1288.09,1268.51,1278.16
2022-10-11T05:00:00+01:00,1278.17,1284.15,1272.43,1284.15
2022-10-11T09:00:00+01:00,1284.24,1288.41,1278.61,1286.2
2022-10-11T13:00:00+01:00,1288.35,1296.93,1268.12,1293.59
2022-10-11T17:00:00+01:00,1292.7,1297.83,1274.94,1282.37
2022-10-11T21:00:00+01:00,1282.41,1286.65,1274.58,1279.74
2022-10-12T01:00:00+01:00,1280.41,1288.54,1275.66,1283.69
2022-10-12T05:00:00+01:00,1283.66,1300.34,1283.59,1294.03
2022-10-12T09:00:00+01:00,1293.99,1305.85,1292.95,1297.84
2022-10-12T13:00:00+01:00,1298.14,1302.44,1288.14,1299.29
2022-10-12T17:00:00+01:00,1299.39,1300.46,1289.52,1297.53
2022-10-12T21:00:00+01:00,1297.66,1302.55,1293.12,1294.62
2022-10-13T01:00:00+01:00,1294.68,1298.72,1283.64,1286.54
2022-10-13T05:00:00+01:00,1286.32,1296.88,1272.65,1277.36
2022-10-13T09:00:00+01:00,1277.26,1280.23,1222.7,1243.08
2022-10-13T13:00:00+01:00,1243.47,1266.45,1194.64,1256.91
2022-10-13T17:00:00+01:00,1257.67,1294.59,1251.66,1287.18
2022-10-13T21:00:00+01:00,1286.53,1300.74,1285.9,1287.5
2022-10-14T01:00:00+01:00,1287.92,1338.98,1284.28,1329.6
2022-10-14T05:00:00+01:00,1329.45,1331.89,1317.49,1321.74
2022-10-14T09:00:00+01:00,1321.26,1335.74,1317.04,1325.66
2022-10-14T13:00:00+01:00,1326.25,1342.01,1307.72,1309.94
2022-10-14T17:00:00+01:00,1310.3,1312.6,1293.1,1298.79
2022-10-14T21:00:00+01:00,1300.12,1303.81,1288.62,1296.81
2022-10-15T01:00:00+01:00,1297.17,1301.53,1293.87,1300.99
2022-10-15T05:00:00+01:00,1300.72,1301.17,1291.58,1294.95
2022-10-15T09:00:00+01:00,1295.04,1295.15,1277.79,1287.04
2022-10-15T13:00:00+01:00,1287.04,1291.21,1279.52,1286.17
2022-10-15T17:00:00+01:00,1285.98,1289.56,1279.58,1282.71
2022-10-15T21:00:00+01:00,1282.42,1283.98,1265.56,1274.87
2022-10-16T01:00:00+01:00,1275.25,1286.03,1274.95,1283.6
2022-10-16T05:00:00+01:00,1283.55,1288.4,1281.49,1283.46
2022-10-16T09:00:00+01:00,1283.54,1289.29,1280.7,1283.93
2022-10-16T13:00:00+01:00,1284.1,1287.74,1279.83,1286.26
2022-10-16T17:00:00+01:00,1286.47,1308.63,1282.35,1308.08
2022-10-16T21:00:00+01:00,1308.23,1314.44,1291.27,1306.04
2022-10-17T01:00:00+01:00,1306.45,1307.96,1296.3,1301.86
2022-10-17T05:00:00+01:00,1300.84,1313.88,1298.74,1312.43
2022-10-17T09:00:00+01:00,1312.48,1324.67,1308.48,1317.4
2022-10-17T13:00:00+01:00,1317.36,1337.17,1314.26,1329.41
2022-10-17T17:00:00+01:00,1330.18,1331.09,1315.92,1325.41
2022-10-17T21:00:00+01:00,1325.93,1338.42,1324.07,1331.47
2022-10-18T01:00:00+01:00,1332.25,1341.1,1328.01,1333.34
2022-10-18T05:00:00+01:00,1333.26,1340.47,1330.74,1337.26
2022-10-18T09:00:00+01:00,1337.19,1337.57,1319.39,1326.1
2022-10-18T13:00:00+01:00,1326.35,1333.6,1301.01,1307.59
2022-10-18T17:00:00+01:00,1307.06,1312.62,1288.57,1300.64
2022-10-18T21:00:00+01:00,1301.2,1319.36,1300.35,1310.81
2022-10-19T01:00:00+01:00,1310.71,1312.86,1299.68,1305.56
2022-10-19T05:00:00+01:00,1305.49,1306.14,1292.85,1300.21
2022-10-19T09:00:00+01:00,1299.6,1307.76,1294,1300.38
2022-10-19T13:00:00+01:00,1300.1,1306.9,1291.89,1304.95
2022-10-19T17:00:00+01:00,1304.35,1304.35,1293.22,1296.55
2022-10-19T21:00:00+01:00,1296.63,1298.01,1280.89,1285.38
2022-10-20T01:00:00+01:00,1285.38,1287.58,1271.81,1280.25
2022-10-20T05:00:00+01:00,1280.1,1294.93,1279.81,1292.31
2022-10-20T09:00:00+01:00,1292.61,1302.07,1289.81,1299.84
2022-10-20T13:00:00+01:00,1300.3,1311.34,1291.23,1299.87
2022-10-20T17:00:00+01:00,1299.3,1299.3,1278.41,1284.67
2022-10-20T21:00:00+01:00,1284.82,1287.92,1273.03,1282.87
2022-10-21T01:00:00+01:00,1282.86,1291.97,1279.34,1287.64
2022-10-21T05:00:00+01:00,1287.53,1290.84,1282.73,1284.98
2022-10-21T09:00:00+01:00,1284.78,1284.84,1273.61,1275.79
2022-10-21T13:00:00+01:00,1275.07,1297.25,1256.38,1297.17
2022-10-21T17:00:00+01:00,1297.85,1304.88,1295.45,1303.1
2022-10-21T21:00:00+01:00,1303.93,1306.79,1297.64,1300.09
2022-10-22T01:00:00+01:00,1300.62,1304,1294.88,1298.97
2022-10-22T05:00:00+01:00,1299.09,1300.25,1295.52,1299.83
2022-10-22T09:00:00+01:00,1299.93,1307.33,1299.9,1305.9
2022-10-22T13:00:00+01:00,1305.99,1318.57,1303.21,1316.35
2022-10-22T17:00:00+01:00,1316.7,1319.59,1307.6,1314.25
2022-10-22T21:00:00+01:00,1314.3,1318.34,1312.67,1313.75
2022-10-23T01:00:00+01:00,1313.83,1315.34,1306.92,1313.32
2022-10-23T05:00:00+01:00,1313.28,1314.74,1307.22,1309.77
2022-10-23T09:00:00+01:00,1309.74,1311.79,1302.06,1304.33
2022-10-23T13:00:00+01:00,1304.44,1316.04,1299.77,1314
2022-10-23T17:00:00+01:00,1314.02,1334.8,1311.89,1331.17
2022-10-23T21:00:00+01:00,1331.19,1370.68,1328.86,1364.37
2022-10-24T01:00:00+01:00,1364.22,1370.3,1344.2,1347.87
2022-10-24T05:00:00+01:00,1347.72,1348.21,1333.17,1337.02
2022-10-24T09:00:00+01:00,1337.11,1354.68,1333.42,1353.88
2022-10-24T13:00:00+01:00,1353.54,1354.01,1324.67,1341.99
2022-10-24T17:00:00+01:00,1342.71,1353.04,1331.23,1344.79
2022-10-24T21:00:00+01:00,1344.71,1358.67,1342.48,1343.84
2022-10-25T01:00:00+01:00,1343.91,1348.81,1335.54,1347.5
2022-10-25T05:00:00+01:00,1347.45,1351.52,1343.79,1347.19
2022-10-25T09:00:00+01:00,1347.15,1349.81,1340.35,1347.83
2022-10-25T13:00:00+01:00,1347.68,1417.35,1347.02,1408.01
2022-10-25T17:00:00+01:00,1408.86,1522.62,1405.73,1493.63
2022-10-25T21:00:00+01:00,1493.79,1494.42,1447.9,1460.04
2022-10-26T01:00:00+01:00,1461.92,1498.74,1458.77,1487.62
2022-10-26T05:00:00+01:00,1487.7,1521.46,1477.78,1516.86
2022-10-26T09:00:00+01:00,1516.73,1551.67,1510.02,1529.23
2022-10-26T13:00:00+01:00,1528.62,1591.9,1512.91,1567.76
2022-10-26T17:00:00+01:00,1569.87,1571.03,1541.64,1563.99
2022-10-26T21:00:00+01:00,1565.5,1583.73,1543.69,1566.29
2022-10-27T01:00:00+01:00,1565.07,1577.59,1538.02,1555.13
2022-10-27T05:00:00+01:00,1555.64,1570.81,1550.63,1556.53
2022-10-27T09:00:00+01:00,1556.33,1559.71,1537.18,1550.59
2022-10-27T13:00:00+01:00,1549.68,1576.1,1535.67,1544.38
2022-10-27T17:00:00+01:00,1545.13,1565.83,1538.81,1562.25
2022-10-27T21:00:00+01:00,1562.71,1563.18,1504.94,1514.01
2022-10-28T01:00:00+01:00,1513.59,1525.16,1498.62,1507.71
2022-10-28T05:00:00+01:00,1507.48,1519.9,1489.03,1493.29
2022-10-28T09:00:00+01:00,1494.48,1509.72,1488.23,1498.73
2022-10-28T13:00:00+01:00,1498.29,1549.03,1492.77,1537.66
2022-10-28T17:00:00+01:00,1537.92,1572.87,1534.38,1557.73
2022-10-28T21:00:00+01:00,1558.7,1573.94,1552.97,1554.92
2022-10-29T01:00:00+01:00,1554.78,1593.46,1548.67,1590.04
2022-10-29T05:00:00+01:00,1590.08,1602.65,1576.77,1594.67
2022-10-29T09:00:00+01:00,1594.11,1655.8,1591.73,1616.03
2022-10-29T13:00:00+01:00,1615.68,1643.71,1610.37,1633.25
2022-10-29T17:00:00+01:00,1633.07,1663.23,1618.8,1623.86
2022-10-29T21:00:00+01:00,1624.01,1631.79,1605.34,1620.51
2022-10-30T01:00:00+01:00,1620.83,1624.33,1606.82,1622.63
2022-10-30T04:00:00Z,1622.73,1639.68,1619.14,1629.28
2022-10-30T08:00:00Z,1629.4,1630.29,1592.93,1605.64
2022-10-30T12:00:00Z,1605.35,1606.93,1582.62,1587.89
2022-10-30T16:00:00Z,1587.4,1596.24,1578.13,1587.76
2022-10-30T20:00:00Z,1587.97,1598.59,1577.72,1590.76
2022-10-31T00:00:00Z,1590.88,1596.17,1563.62,1583.54
2022-10-31T04:00:00Z,1583.73,1596.19,1579.4,1591.56
2022-10-31T08:00:00Z,1591.25,1634.43,1579.93,1621.39
2022-10-31T12:00:00Z,1621.36,1628.41,1548.54,1569.26
2022-10-31T16:00:00Z,1568.39,1582.67,1555.97,1563.69
2022-10-31T20:00:00Z,1563.83,1576.67,1551.16,1572.93
2022-11-01T00:00:00Z,1571.69,1604.29,1569.3,1586.78
2022-11-01T04:00:00Z,1586.68,1601.74,1580.96,1590.75
2022-11-01T08:00:00Z,1590.72,1611.05,1583.96,1590.5
2022-11-01T12:00:00Z,1591.08,1598.17,1564.47,1574.23
2022-11-01T16:00:00Z,1574.61,1585.92,1568.8,1576.58
2022-11-01T20:00:00Z,1576.16,1582.28,1569.89,1578.54
2022-11-02T00:00:00Z,1578.65,1595.02,1573.09,1590.66
2022-11-02T04:00:00Z,1590.7,1599.55,1555.09,1564.83
2022-11-02T08:00:00Z,1564.74,1577.72,1536.86,1556.01
2022-11-02T12:00:00Z,1556.1,1565.8,1547.56,1558.82
2022-11-02T16:00:00Z,1558.53,1619.91,1528.07,1536.73
2022-11-02T20:00:00Z,1532.97,1537.25,1501.46,1518.67
2022-11-03T00:00:00Z,1518.52,1555.52,1515.51,1547.2
2022-11-03T04:00:00Z,1547.6,1558.59,1542.41,1544.03
2022-11-03T08:00:00Z,1544.17,1556.02,1523.5,1531.18
2022-11-03T12:00:00Z,1531.14,1555.64,1524.12,1542.52
2022-11-03T16:00:00Z,1542.49,1548.95,1538.65,1544.27
2022-11-03T20:00:00Z,1544.04,1544.04,1525.78,1531.08
2022-11-04T00:00:00Z,1531.03,1549.12,1528.28,1548.95
2022-11-04T04:00:00Z,1548.55,1587.73,1546.39,1587.44
2022-11-04T08:00:00Z,1587.6,1597.9,1575.56,1577.24
2022-11-04T12:00:00Z,1577.6,1674.02,1562.04,1625.2
2022-11-04T16:00:00Z,1627.72,1650.48,1609.67,1648.14
2022-11-04T20:00:00Z,1646.95,1653.52,1640.62,1645.24
2022-11-05T00:00:00Z,1645.71,1664.75,1636.66,1647.2
2022-11-05T04:00:00Z,1647.4,1658.01,1642.97,1651.72
2022-11-05T08:00:00Z,1651.52,1652.09,1637.44,1649.64
2022-11-05T12:00:00Z,1650.03,1650.21,1624.32,1635.85
2022-11-05T16:00:00Z,1636.66,1642.89,1625.36,1633.09
2022-11-05T20:00:00Z,1633.02,1634.96,1622.91,1626.93
2022-11-06T00:00:00Z,1627.27,1633.21,1613.24,1621.21
2022-11-06T04:00:00Z,1621.27,1623.67,1613.52,1623.01
2022-11-06T08:00:00Z,1622.94,1638.02,1609.63,1620.08
2022-11-06T12:00:00Z,1620.22,1634,1616.12,1624.14
2022-11-06T16:00:00Z,1623.97,1625.54,1605.3,1610.48
2022-11-06T20:00:00Z,1610.32,1612.84,1565.43,1569.02
2022-11-07T00:00:00Z,1568.63,1595.06,1564.8,1587.29
2022-11-07T04:00:00Z,1586.99,1593.97,1547.56,1550.02
2022-11-07T08:00:00Z,1549.01,1584.06,1548.02,1579.97
2022-11-07T12:00:00Z,1579.99,1592.79,1568.88,1592.09
2022-11-07T16:00:00Z,1591.67,1607.82,1577.37,1600.51
2022-11-07T20:00:00Z,1601.27,1607.76,1546.7,1566.5
2022-11-08T00:00:00Z,1565.57,1576.32,1505.12,1507.46
2022-11-08T04:00:00Z,1505.08,1513.9,1437.27,1492.73
2022-11-08T08:00:00Z,1491.74,1494.13,1471.59,1477.28
2022-11-08T12:00:00Z,1476.63,1486.78,1427.99,1461.86
2022-11-08T16:00:00Z,1464.14,1578.17,1240.85,1318.05
2022-11-08T20:00:00Z,1322.72,1345.31,1285.78,1334.78
2022-11-09T00:00:00Z,1335.72,1337.26,1283.57,1312.13
2022-11-09T04:00:00Z,1310.41,1315.56,1266.9,1274.33
2022-11-09T08:00:00Z,1274.91,1275.52,1141.08,1218.07
2022-11-09T12:00:00Z,1217.23,1242.29,1150.04,1161.84
2022-11-09T16:00:00Z,1159.98,1200.71,1148,1194.63
2022-11-09T20:00:00Z,1196.56,1198.6,1073.95,1099.61
2022-11-10T00:00:00Z,1098.5,1182.31,1085.4,1172.21
2022-11-10T04:00:00Z,1170.31,1198.93,1158.44,1186.81
2022-11-10T08:00:00Z,1187.83,1215.85,1168.55,1174.44
2022-11-10T12:00:00Z,1174.55,1343.11,1173.91,1319.98
2022-11-10T16:00:00Z,1317.23,1346.45,1248.26,1290.65
2022-11-10T20:00:00Z,1290.71,1338.05,1282.01,1296.2
2022-11-11T00:00:00Z,1297.06,1304.55,1219.68,1234.63
2022-11-11T04:00:00Z,1234.79,1282.71,1224.96,1274.9
2022-11-11T08:00:00Z,1273.21,1287.95,1263.88,1272.99
2022-11-11T12:00:00Z,1272.43,1305.09,1198.64,1256.87
2022-11-11T16:00:00Z,1258.53,1282.05,1225.52,1270.63
2022-11-11T20:00:00Z,1270.25,1289.81,1238.04,1284
2022-11-12T00:00:00Z,1283.7,1286.67,1252.34,1256.22
2022-11-12T04:00:00Z,1255.6,1271.88,1235.98,1262.59
2022-11-12T08:00:00Z,1263.06,1267.82,1247.34,1257.93
2022-11-12T12:00:00Z,1258.87,1283.77,1251.77,1271.67
2022-11-12T16:00:00Z,1272.27,1275.49,1262.04,1266.59
2022-11-12T20:00:00Z,1266.49,1266.79,1246.41,1254.76
2022-11-13T00:00:00Z,1254.72,1271.63,1252.55,1270.61
2022-11-13T04:00:00Z,1270.63,1271.87,1231.35,1248.86
2022-11-13T08:00:00Z,1248.14,1250.41,1209.34,1238.53
2022-11-13T12:00:00Z,1238.43,1244.87,1223.53,1229.4
2022-11-13T16:00:00Z,1229.3,1234.89,1215.54,1226.92
2022-11-13T20:00:00Z,1226.74,1231.19,1202.67,1219.97
2022-11-14T00:00:00Z,1219.11,1227.54,1173.23,1191.11
2022-11-14T04:00:00Z,1190.96,1258.09,1172.74,1258.09
2022-11-14T08:00:00Z,1260.03,1270.23,1250.98,1251.32
2022-11-14T12:00:00Z,1251.36,1291.34,1235.14,1243.21
2022-11-14T16:00:00Z,1242.87,1246.08,1206.28,1214.44
2022-11-14T20:00:00Z,1215.96,1247.01,1209.18,1240.83
2022-11-15T00:00:00Z,1240.09,1263.5,1235.36,1254.9
2022-11-15T04:00:00Z,1255.44,1270.64,1246.54,1265.35
2022-11-15T08:00:00Z,1264.76,1277.08,1254.56,1258.93
2022-11-15T12:00:00Z,1258.06,1289.91,1255.88,1263.17
2022-11-15T16:00:00Z,1264.24,1272.48,1232.88,1256.2
2022-11-15T20:00:00Z,1260,1263.29,1240.42,1251.5
2022-11-16T00:00:00Z,1251.5,1267.36,1246.57,1263.66
2022-11-16T04:00:00Z,1263.73,1263.92,1241.82,1244.87
2022-11-16T08:00:00Z,1242.25,1251.72,1217.19,1221.19
2022-11-16T12:00:00Z,1220.75,1229.05,1186.46,1190.37
2022-11-16T16:00:00Z,1190.58,1217.32,1185.94,1207.35
2022-11-16T20:00:00Z,1207.55,1219.49,1201.41,1215.18
2022-11-17T00:00:00Z,1216.06,1226.44,1201.59,1202.82
2022-11-17T04:00:00Z,1202.51,1214.74,1192.94,1202.98
2022-11-17T08:00:00Z,1203.14,1206.44,1183.69,1202.52
2022-11-17T12:00:00Z,1203.01,1214.32,1184.31,1192.12
2022-11-17T16:00:00Z,1192.59,1215.38,1189.2,1201.66
2022-11-17T20:00:00Z,1202.39,1208.58,1195.27,1199.3
2022-11-18T00:00:00Z,1199.27,1230.54,1198.02,1219.09
2022-11-18T04:00:00Z,1219.18,1222.19,1212.53,1213.5
2022-11-18T08:00:00Z,1213.26,1224.12,1205.87,1216.16
2022-11-18T12:00:00Z,1216.06,1225.85,1207.33,1209.82
2022-11-18T16:00:00Z,1209.48,1213.27,1199.83,1208.21
2022-11-18T20:00:00Z,1207.79,1213.4,1205.05,1211.26
2022-11-19T00:00:00Z,1211.26,1211.97,1201.04,1207.04
2022-11-19T04:00:00Z,1207.13,1208.09,1197.31,1205.92
2022-11-19T08:00:00Z,1205.91,1210.47,1203.16,1209.38
2022-11-19T12:00:00Z,1209.89,1211.63,1205.45,1208.64
2022-11-19T16:00:00Z,1208.75,1209.87,1205.82,1207.34
2022-11-19T20:00:00Z,1207.5,1230.64,1207.47,1216.5
2022-11-20T00:00:00Z,1216.45,1224.97,1214.96,1217.47
2022-11-20T04:00:00Z,1217.56,1220.6,1216.1,1218.85
2022-11-20T08:00:00Z,1219.24,1219.26,1161.34,1166.2
2022-11-20T12:00:00Z,1164.06,1179.17,1156.42,1175.97
2022-11-20T16:00:00Z,1175.88,1185.86,1168.75,1183.81
2022-11-20T20:00:00Z,1184.14,1184.7,1131.56,1140.44
2022-11-21T00:00:00Z,1140.44,1141.77,1108.92,1122.73
2022-11-21T04:00:00Z,1122.98,1137.01,1114.71,1121.07
2022-11-21T08:00:00Z,1120.95,1128.41,1105.17,1123.13
2022-11-21T12:00:00Z,1122.97,1143.67,1113.64,1128.63
2022-11-21T16:00:00Z,1129.01,1131.12,1077.92,1090.11
2022-11-21T20:00:00Z,1091.17,1117.12,1083.09,1106.06
2022-11-22T00:00:00Z,1105.9,1113.42,1095.36,1102.2
2022-11-22T04:00:00Z,1102.5,1105.25,1078.97,1092.2
2022-11-22T08:00:00Z,1091.82,1092.84,1074.93,1083.67
2022-11-22T12:00:00Z,1083.76,1145.31,1078.47,1134.18
2022-11-22T16:00:00Z,1133.04,1142.49,1114.43,1126.07
2022-11-22T20:00:00Z,1126.41,1138.53,1122.26,1137.31
2022-11-23T00:00:00Z,1138.23,1168.99,1127.08,1168.99
2022-11-23T04:00:00Z,1168.46,1169.19,1156.24,1164.73
2022-11-23T08:00:00Z,1167.04,1177.24,1159.6,1174.11
2022-11-23T12:00:00Z,1174.32,1176.41,1154.01,1159.59
2022-11-23T16:00:00Z,1160,1187.07,1149.21,1167.54
2022-11-23T20:00:00Z,1167.53,1190.02,1161.51,1184.06
2022-11-24T00:00:00Z,1183.89,1207.53,1179.47,1201.13
2022-11-24T04:00:00Z,1201.23,1215.87,1198.08,1205.6
2022-11-24T08:00:00Z,1206.35,1206.71,1191.3,1194.83
2022-11-24T12:00:00Z,1194.68,1201.83,1185.33,1194.26
2022-11-24T16:00:00Z,1194.31,1205.97,1192.77,1202.09
2022-11-24T20:00:00Z,1202.05,1205.04,1194.05,1202.84
2022-11-25T00:00:00Z,1202.74,1203.61,1180.97,1185.45
2022-11-25T04:00:00Z,1185.39,1186.93,1169.46,1184.39
2022-11-25T08:00:00Z,1184.4,1196.95,1175.48,1192.08
2022-11-25T12:00:00Z,1192.56,1198.49,1181.02,1188.85
2022-11-25T16:00:00Z,1188.62,1197.71,1182.72,1196.36
2022-11-25T20:00:00Z,1196.36,1204.17,1195.68,1197.96
2022-11-26T00:00:00Z,1198.05,1224.79,1196.42,1214.81
2022-11-26T04:00:00Z,1214.88,1224.71,1212.18,1218.53
2022-11-26T08:00:00Z,1218.62,1225.6,1215.27,1221.03
2022-11-26T12:00:00Z,1221.09,1231.58,1206.66,1210.89
2022-11-26T16:00:00Z,1210.81,1214.29,1202.59,1207.19
2022-11-26T20:00:00Z,1207.23,1211.8,1198.93,1204.95
2022-11-27T00:00:00Z,1205.11,1217.01,1204.32,1215.8
2022-11-27T04:00:00Z,1215.85,1222.2,1214.88,1216.8
2022-11-27T08:00:00Z,1216.85,1219.87,1209.44,1214.28
2022-11-27T12:00:00Z,1214.7,1218.28,1207.58,1217.22
2022-11-27T16:00:00Z,1217.12,1219.43,1211.31,1212.5
2022-11-27T20:00:00Z,1212.25,1217.67,1190.16,1193.43
2022-11-28T00:00:00Z,1193.41,1198.51,1158.65,1172
2022-11-28T04:00:00Z,1171.64,1177.5,1166.51,1172.98
2022-11-28T08:00:00Z,1173.46,1175.64,1165.19,1170.09
2022-11-28T12:00:00Z,1170.12,1179.27,1155.96,1162.85
2022-11-28T16:00:00Z,1162.82,1182.71,1151.23,1171.25
2022-11-28T20:00:00Z,1171.35,1174.85,1166.74,1167.61
2022-11-29T00:00:00Z,1167.56,1187.05,1158.94,1183.76
2022-11-29T04:00:00Z,1183.67,1212.61,1182.46,1206.43
2022-11-29T08:00:00Z,1206.43,1221.52,1204.73,1216.63
2022-11-29T12:00:00Z,1216.68,1217.92,1203.15,1208.3
2022-11-29T16:00:00Z,1208.43,1219.03,1203.02,1215.13
2022-11-29T20:00:00Z,1215.43,1226.2,1215.43,1215.8
2022-11-30T00:00:00Z,1215.93,1280.78,1213.11,1264.53
2022-11-30T04:00:00Z,1264.72,1273.51,1264.72,1272.49
2022-11-30T08:00:00Z,1272.45,1276.73,1262.1,1266.73
2022-11-30T12:00:00Z,1267.06,1271.31,1255.98,1267.68
2022-11-30T16:00:00Z,1268.08,1300.5,1262,1287.37
2022-11-30T20:00:00Z,1287.07,1308.21,1285.47,1294.95
2022-12-01T00:00:00Z,1294.97,1295.8,1282.18,1288.04
2022-12-01T04:00:00Z,1288.11,1288.92,1277.67,1278.9
2022-12-01T08:00:00Z,1279.34,1285.37,1278.14,1283.08
2022-12-01T12:00:00Z,1283.14,1297.45,1263.36,1271.51
2022-12-01T16:00:00Z,1271.3,1279,1266.29,1276.05
2022-12-01T20:00:00Z,1276.07,1281.85,1268.66,1276.36
2022-12-02T00:00:00Z,1276.33,1283.85,1266.37,1272.07
2022-12-02T04:00:00Z,1271.55,1277.79,1268.26,1276.01
2022-12-02T08:00:00Z,1276.14,1294.52,1274.41,1289.25
2022-12-02T12:00:00Z,1289.27,1296.2,1269.65,1279.52
2022-12-02T16:00:00Z,1279.09,1287.99,1275.38,1287.8
2022-12-02T20:00:00Z,1287.45,1296.32,1287.21,1295.56
2022-12-03T00:00:00Z,1295.44,1304.53,1283.57,1285.98
2022-12-03T04:00:00Z,1286,1290.34,1274.26,1276.54
2022-12-03T08:00:00Z,1276.38,1277.47,1262.35,1270.22
2022-12-03T12:00:00Z,1270.2,1274.64,1267.64,1271.32
2022-12-03T16:00:00Z,1271.2,1271.72,1264.4,1267.09
2022-12-03T20:00:00Z,1267.2,1267.84,1237.8,1241.32
2022-12-04T00:00:00Z,1241.29,1263.03,1240.52,1257.25
2022-12-04T04:00:00Z,1257.56,1266.76,1254.35,1257.28
2022-12-04T08:00:00Z,1257.53,1262.37,1253.23,1255.15
2022-12-04T12:00:00Z,1255.51,1261.98,1251.44,1260.21
2022-12-04T16:00:00Z,1260.44,1281.3,1257.65,1278.89
2022-12-04T20:00:00Z,1278.99,1286.48,1273.1,1279.97
2022-12-05T00:00:00Z,1279.96,1297.67,1276.82,1291.16
2022-12-05T04:00:00Z,1291.09,1305.83,1290.31,1297.47
2022-12-05T08:00:00Z,1297.75,1304.79,1292.79,1295.37
2022-12-05T12:00:00Z,1295.02,1295.64,1260.32,1266.52
2022-12-05T16:00:00Z,1265.94,1270.18,1247.96,1253.56
2022-12-05T20:00:00Z,1252.91,1260.95,1251.88,1259.55
2022-12-06T00:00:00Z,1259.43,1269.8,1259.32,1261.77
2022-12-06T04:00:00Z,1262.15,1263.01,1255.48,1260.65
2022-12-06T08:00:00Z,1260.28,1264.82,1245.2,1256.42
2022-12-06T12:00:00Z,1256.66,1261.59,1246.08,1254.46
2022-12-06T16:00:00Z,1254.72,1258.99,1242.94,1249.9
2022-12-06T20:00:00Z,1250.05,1273.27,1248.07,1271.21
2022-12-07T00:00:00Z,1271.5,1275.91,1259.29,1262.17
2022-12-07T04:00:00Z,1262.1,1264.26,1221.76,1224.58
2022-12-07T08:00:00Z,1224.3,1230.93,1221.46,1225.12
2022-12-07T12:00:00Z,1225.4,1239.09,1221.48,1234.06
2022-12-07T16:00:00Z,1234.34,1236.83,1227.89,1232.45
2022-12-07T20:00:00Z,1232.33,1234.7,1224.54,1231.43
2022-12-08T00:00:00Z,1231.76,1237.71,1223.49,1231.88
2022-12-08T04:00:00Z,1231.9,1235.37,1225.49,1232.77
2022-12-08T08:00:00Z,1232.9,1242.53,1229.47,1240.56
2022-12-08T12:00:00Z,1240.6,1253.12,1236.62,1250.05
2022-12-08T16:00:00Z,1250.58,1291.35,1249.57,1284.21
2022-12-08T20:00:00Z,1284.34,1285.9,1275.96,1280.53
2022-12-09T00:00:00Z,1280.53,1288.9,1273.9,1283.78
2022-12-09T04:00:00Z,1283.82,1285.34,1277.77,1282.49
2022-12-09T08:00:00Z,1282.38,1291.8,1279.05,1288.31
2022-12-09T12:00:00Z,1288.48,1292.62,1262.76,1277.47
2022-12-09T16:00:00Z,1277.28,1277.88,1264.69,1268.89
2022-12-09T20:00:00Z,1268.59,1269.21,1257.14,1263
2022-12-10T00:00:00Z,1262.97,1268.36,1261.92,1265.46
2022-12-10T04:00:00Z,1265.57,1267.2,1263.19,1264.95
2022-12-10T08:00:00Z,1264.99,1267.1,1260.45,1266.34
2022-12-10T12:00:00Z,1266.33,1278.99,1264.09,1278.47
2022-12-10T16:00:00Z,1278.37,1282.64,1267.36,1272.35
2022-12-10T20:00:00Z,1272.29,1274.28,1262.94,1266.65
2022-12-11T00:00:00Z,1266.66,1273.33,1265.41,1272.81
2022-12-11T04:00:00Z,1272.84,1277.5,1272.7,1276.45
2022-12-11T08:00:00Z,1276.32,1276.77,1271.46,1273.2
2022-12-11T12:00:00Z,1273.11,1275.95,1269.87,1273.72
2022-12-11T16:00:00Z,1273.85,1283.31,1271.65,1274.5
2022-12-11T20:00:00Z,1274.48,1274.48,1256.52,1263.32
2022-12-12T00:00:00Z,1263.15,1263.15,1241.6,1243.22
2022-12-12T04:00:00Z,1243.32,1248.47,1241.4,1246.73
2022-12-12T08:00:00Z,1246.75,1256.87,1242.83,1254.13
2022-12-12T12:00:00Z,1254.35,1255.75,1244.61,1249.09
2022-12-12T16:00:00Z,1248.56,1256.2,1248.56,1255.06
2022-12-12T20:00:00Z,1254.88,1277.75,1254.09,1275.41
2022-12-13T00:00:00Z,1275.64,1277.76,1266.11,1269.6
2022-12-13T04:00:00Z,1269.35,1274.79,1256.34,1266.55
2022-12-13T08:00:00Z,1266.8,1289.25,1263.74,1286.95
2022-12-13T12:00:00Z,1287.5,1345.08,1286.99,1323.88
2022-12-13T16:00:00Z,1324.73,1327.93,1305.17,1316.27
2022-12-13T20:00:00Z,1315.37,1322.13,1311.97,1320.11
2022-12-14T00:00:00Z,1319.5,1325.58,1317.24,1320.52
2022-12-14T04:00:00Z,1320.6,1324.56,1316.79,1322.53
2022-12-14T08:00:00Z,1322.1,1327.6,1319.61,1326.18
2022-12-14T12:00:00Z,1325.75,1342.25,1325.36,1339.36
2022-12-14T16:00:00Z,1341.13,1349.01,1301.07,1307.36
2022-12-14T20:00:00Z,1306.74,1317.48,1302.9,1308.07
2022-12-15T00:00:00Z,1308.32,1311.12,1280.16,1291.97
2022-12-15T04:00:00Z,1291.93,1292.83,1286.46,1287.57
2022-12-15T08:00:00Z,1287.77,1291.74,1283.7,1291.45
2022-12-15T12:00:00Z,1291.4,1291.42,1267,1269.91
2022-12-15T16:00:00Z,1270.07,1275.8,1264.22,1275.06
2022-12-15T20:00:00Z,1275.57,1275.67,1260.32,1266.44
2022-12-16T00:00:00Z,1266.45,1273.46,1265.66,1272.76
2022-12-16T04:00:00Z,1272.78,1278.86,1268.99,1277.27
2022-12-16T08:00:00Z,1277.5,1278.09,1207.95,1213.06
2022-12-16T12:00:00Z,1212.67,1217.88,1198.68,1203.95
2022-12-16T16:00:00Z,1204.25,1204.25,1186.78,1203
2022-12-16T20:00:00Z,1202.72,1210.79,1158.09,1167.25
2022-12-17T00:00:00Z,1167.15,1178.4,1162.76,1176.09
2022-12-17T04:00:00Z,1176.21,1185.02,1174.49,1184.02
2022-12-17T08:00:00Z,1183.81,1188.31,1175.38,1180.29
2022-12-17T12:00:00Z,1180.82,1182.72,1176.06,1180.64
2022-12-17T16:00:00Z,1180.61,1180.61,1172.87,1177.7
2022-12-17T20:00:00Z,1177.84,1189.8,1176.8,1187.72
2022-12-18T00:00:00Z,1187.73,1188.74,1181.29,1187.6
2022-12-18T04:00:00Z,1187.62,1196.08,1184.14,1187.34
2022-12-18T08:00:00Z,1187.44,1188.73,1173.22,1182.64
2022-12-18T12:00:00Z,1182.68,1184.02,1174.24,1174.85
2022-12-18T16:00:00Z,1174.87,1190,1174.57,1183.55
2022-12-18T20:00:00Z,1183.53,1193.67,1181.66,1183.33
2022-12-19T00:00:00Z,1183.35,1194.05,1176.06,1179.73
2022-12-19T04:00:00Z,1179.59,1184.41,1178.22,1180.22
2022-12-19T08:00:00Z,1180.2,1188.27,1179.68,1183.31
2022-12-19T12:00:00Z,1183.42,1189.23,1178.82,1179.85
2022-12-19T16:00:00Z,1179.18,1181.14,1167.2,1170.66
2022-12-19T20:00:00Z,1170.5,1179.8,1151.54,1167.72
2022-12-20T00:00:00Z,1167.47,1198.02,1163.8,1192.83
2022-12-20T04:00:00Z,1193.07,1214.49,1190.91,1208.48
2022-12-20T08:00:00Z,1208.08,1216.71,1206.2,1212.17
2022-12-20T12:00:00Z,1212.51,1226.03,1205.45,1217.2
2022-12-20T16:00:00Z,1216.66,1217.9,1208.27,1216.64
2022-12-20T20:00:00Z,1216.59,1220.45,1211.84,1217.4
2022-12-21T00:00:00Z,1216.94,1218.56,1206.82,1210.86
2022-12-21T04:00:00Z,1210.49,1213.26,1204.77,1211.22
2022-12-21T08:00:00Z,1210.82,1218.33,1208.16,1217.2
2022-12-21T12:00:00Z,1217.34,1220.24,1209.59,1215.85
2022-12-21T16:00:00Z,1215.95,1216.08,1207.27,1208.93
2022-12-21T20:00:00Z,1208.52,1214.72,1207.39,1213.76
2022-12-22T00:00:00Z,1213.4,1217.93,1212.01,1215.04
2022-12-22T04:00:00Z,1215.03,1215.04,1209.78,1214.1
2022-12-22T08:00:00Z,1214.18,1220.96,1212.75,1217.29
2022-12-22T12:00:00Z,1217.75,1218.48,1185.22,1186.52
2022-12-22T16:00:00Z,1186.38,1194.5,1184.39,1194.5
2022-12-22T20:00:00Z,1193.95,1234.01,1193.89,1217.45
2022-12-23T00:00:00Z,1217.61,1228.26,1214.68,1223.91
2022-12-23T04:00:00Z,1224.07,1224.84,1219.48,1221.86
2022-12-23T08:00:00Z,1221.91,1225.48,1216.09,1223
2022-12-23T12:00:00Z,1223,1229.02,1212.96,1219.19
2022-12-23T16:00:00Z,1219.07,1220.64,1216.91,1220.01
2022-12-23T20:00:00Z,1219.96,1222.21,1217.59,1219.99
2022-12-24T00:00:00Z,1219.99,1220.9,1215.87,1219.1
2022-12-24T04:00:00Z,1219.21,1220.49,1214.99,1220.39
2022-12-24T08:00:00Z,1220.34,1220.86,1216.98,1219.53
2022-12-24T12:00:00Z,1219.43,1219.59,1217.63,1219.23
2022-12-24T16:00:00Z,1219.26,1226.67,1217.92,1223.8
2022-12-24T20:00:00Z,1223.79,1223.99,1217.78,1220.76
2022-12-25T00:00:00Z,1220.65,1224.09,1220.11,1221.46
2022-12-25T04:00:00Z,1221.56,1221.56,1216.25,1220.07
2022-12-25T08:00:00Z,1220.06,1222.02,1217.71,1217.71
2022-12-25T12:00:00Z,1217.67,1219.52,1196.79,1211.07
2022-12-25T16:00:00Z,1210.88,1212.13,1197.97,1209.08
2022-12-25T20:00:00Z,1208.95,1222.89,1204.41,1218.39
2022-12-26T00:00:00Z,1218.4,1223.08,1216.9,1220.59
2022-12-26T04:00:00Z,1220.81,1222.74,1218.34,1220.7
2022-12-26T08:00:00Z,1220.73,1222.71,1218.46,1220.1
2022-12-26T12:00:00Z,1220.36,1220.54,1212.86,1214.97
2022-12-26T16:00:00Z,1214.83,1219.64,1213.11,1217.46
2022-12-26T20:00:00Z,1217.46,1229.66,1215.89,1227.64
2022-12-27T00:00:00Z,1227.73,1232.78,1221.9,1223.16
2022-12-27T04:00:00Z,1223.38,1224.13,1220.97,1222.09
2022-12-27T08:00:00Z,1222.01,1223.98,1216.53,1219.35
2022-12-27T12:00:00Z,1219.3,1219.3,1205.21,1211.23
2022-12-27T16:00:00Z,1210.34,1211.83,1201.15,1210.28
2022-12-27T20:00:00Z,1209.93,1213.2,1207.63,1210.87
2022-12-28T00:00:00Z,1210.92,1213.86,1188.33,1197.67
2022-12-28T04:00:00Z,1197.73,1198.93,1188.54,1194.03
2022-12-28T08:00:00Z,1193.98,1197.72,1193.53,1196.06
2022-12-28T12:00:00Z,1195.81,1207.06,1187.08,1188.31
2022-12-28T16:00:00Z,1188.02,1198.9,1187.42,1192.51
2022-12-28T20:00:00Z,1192.64,1194.14,1181.6,1189.24
2022-12-29T00:00:00Z,1189.54,1194.01,1186.55,1194.01
2022-12-29T04:00:00Z,1193.93,1197.08,1191.6,1194.15
2022-12-29T08:00:00Z,1194.41,1201.29,1189.96,1198.38
2022-12-29T12:00:00Z,1198.68,1205.16,1197.34,1200.51
2022-12-29T16:00:00Z,1200.67,1202.23,1195.45,1197.71
2022-12-29T20:00:00Z,1197.66,1203.07,1192.48,1200.35
2022-12-30T00:00:00Z,1200.24,1201.4,1195.04,1197.37
2022-12-30T04:00:00Z,1196.94,1197.23,1184.55,1188.02
2022-12-30T08:00:00Z,1188.08,1193.74,1187.8,1190.19
2022-12-30T12:00:00Z,1190.15,1196.42,1183.55,1194.81
2022-12-30T16:00:00Z,1194.83,1197.62,1192.61,1194.58
2022-12-30T20:00:00Z,1194.63,1200.63,1194.45,1199.09
2022-12-31T00:00:00Z,1199.06,1199.3,1193.6,1193.87
2022-12-31T04:00:00Z,1193.77,1196.22,1191.77,1196.09
2022-12-31T08:00:00Z,1196.11,1199.04,1191.64,1196.83
2022-12-31T12:00:00Z,1196.88,1206.99,1195.89,1202.49
2022-12-31T16:00:00Z,1202.71,1203.31,1198.31,1201.45
2022-12-31T20:00:00Z,1201.5,1202.27,1193.13,1194.98
2023-01-01T00:00:00Z,1195.03,1195.89,1191.11,1193.13
2023-01-01T04:00:00Z,1192.88,1194.81,1190.71,1194.45
2023-01-01T08:00:00Z,1194.62,1196.37,1193.34,1195.58
2023-01-01T12:00:00Z,1195.59,1197.64,1193.67,1196.37
2023-01-01T16:00:00Z,1196.38,1203.49,1195.61,1201.3
2023-01-01T20:00:00Z,1201.31,1203.63,1199.25,1200.17
2023-01-02T00:00:00Z,1200.15,1202.95,1193.61,1201.54
2023-01-02T04:00:00Z,1201.87,1215.97,1199.86,1212.72
2023-01-02T08:00:00Z,1212.7,1222.01,1212.61,1216.81
2023-01-02T12:00:00Z,1216.85,1220.22,1213.74,1218.48
2023-01-02T16:00:00Z,1218.63,1219.23,1215.6,1218.38
2023-01-02T20:00:00Z,1218.46,1220.57,1211.43,1213.79
2023-01-03T00:00:00Z,1213.73,1216.19,1211.12,1215.13
2023-01-03T04:00:00Z,1215.2,1219.57,1213.2,1216.3
2023-01-03T08:00:00Z,1216.39,1218.13,1213.83,1214.62
2023-01-03T12:00:00Z,1214.58,1218.81,1206.46,1211.62
2023-01-03T16:00:00Z,1211.25,1211.84,1204.86,1208.84
2023-01-03T20:00:00Z,1209.08,1214.98,1209.08,1214.3
2023-01-04T00:00:00Z,1214.27,1252.77,1212.58,1250.31
2023-01-04T04:00:00Z,1251.41,1254.7,1246.92,1251.86
2023-01-04T08:00:00Z,1251.82,1259.8,1248.61,1251.36
2023-01-04T12:00:00Z,1251.57,1256.86,1243.76,1255.39
2023-01-04T16:00:00Z,1255.07,1269.59,1251.32,1253.71
2023-01-04T20:00:00Z,1253.76,1257.05,1247.68,1256.61
2023-01-05T00:00:00Z,1256.64,1259.01,1250.84,1252.42
2023-01-05T04:00:00Z,1252.44,1254.4,1247.94,1250.65
2023-01-05T08:00:00Z,1250.65,1255.24,1245.83,1255.24
2023-01-05T12:00:00Z,1255.18,1255.35,1242.39,1248.89
2023-01-05T16:00:00Z,1248.82,1254.51,1246.42,1253.41
2023-01-05T20:00:00Z,1253.39,1253.88,1248.24,1250.76
2023-01-06T00:00:00Z,1250.74,1256.99,1247.94,1250.82
2023-01-06T04:00:00Z,1251.03,1251.74,1245.75,1246.96
2023-01-06T08:00:00Z,1246.97,1249.41,1239.65,1242.93
2023-01-06T12:00:00Z,1242.7,1263.88,1238.38,1262.65
2023-01-06T16:00:00Z,1262.68,1275,1259.69,1272.79
2023-01-06T20:00:00Z,1273.92,1274.71,1265.16,1269.17
2023-01-07T00:00:00Z,1269.25,1270.85,1265.58,1266.34
2023-01-07T04:00:00Z,1266.35,1266.77,1262.71,1266.25
2023-01-07T08:00:00Z,1266.42,1266.73,1262.75,1263.62
2023-01-07T12:00:00Z,1263.3,1265.38,1261.64,1264.81
2023-01-07T16:00:00Z,1264.73,1265.63,1261.89,1265.06
2023-01-07T20:00:00Z,1265.08,1265.94,1261.69,1263.96
2023-01-08T00:00:00Z,1264,1264.78,1258.53,1262.64
2023-01-08T04:00:00Z,1262.54,1264.4,1262.25,1263.35
2023-01-08T08:00:00Z,1263.39,1265.97,1261.8,1261.99
2023-01-08T12:00:00Z,1261.95,1275.56,1261.63,1274.08
2023-01-08T16:00:00Z,1274.61,1278.29,1262.03,1265.46
2023-01-08T20:00:00Z,1265.36,1294.31,1264.54,1289.98
2023-01-09T00:00:00Z,1291,1313.28,1285.5,1310.43
2023-01-09T04:00:00Z,1310.44,1313.84,1307.59,1311.97
2023-01-09T08:00:00Z,1311.99,1326.76,1308.53,1318.32
2023-01-09T12:00:00Z,1318.31,1341.2,1316.29,1335.87
2023-01-09T16:00:00Z,1336.05,1344.74,1330.14,1330.45
2023-01-09T20:00:00Z,1330.34,1331.58,1315.5,1320.46
2023-01-10T00:00:00Z,1320.38,1328.91,1317.48,1324.66
2023-01-10T04:00:00Z,1324.68,1328.41,1322.72,1322.97
2023-01-10T08:00:00Z,1322.99,1334.18,1322.05,1329.35
2023-01-10T12:00:00Z,1329.27,1340.96,1323.41,1334.12
2023-01-10T16:00:00Z,1334.5,1343.3,1328.69,1339.17
2023-01-10T20:00:00Z,1339.27,1346.08,1334.34,1335.64
2023-01-11T00:00:00Z,1335.56,1341.77,1328.54,1331.04
2023-01-11T04:00:00Z,1331.02,1335.78,1328.03,1335.69
2023-01-11T08:00:00Z,1335.71,1337.76,1331.79,1336.51
2023-01-11T12:00:00Z,1336.36,1336.36,1321.5,1323.07
2023-01-11T16:00:00Z,1322.91,1345.01,1321.69,1342.87
2023-01-11T20:00:00Z,1343.89,1396.56,1339.86,1389.24
2023-01-12T00:00:00Z,1389.78,1417.14,1386.16,1400.87
2023-01-12T04:00:00Z,1400.77,1405.06,1394.25,1398.02
2023-01-12T08:00:00Z,1397.15,1402.53,1394.69,1397.85
2023-01-12T12:00:00Z,1397.67,1408.65,1368.07,1386.36
2023-01-12T16:00:00Z,1385.36,1437.18,1383.24,1426.43
2023-01-12T20:00:00Z,1425.45,1435.75,1415.59,1416.29
2023-01-13T00:00:00Z,1417,1417.84,1402.05,1414.9
2023-01-13T04:00:00Z,1414.56,1415.18,1405.59,1408.14
2023-01-13T08:00:00Z,1408.41,1417.86,1405.19,1409.84
2023-01-13T12:00:00Z,1409.05,1424.74,1402.67,1422.14
2023-01-13T16:00:00Z,1421.22,1424.83,1407.67,1420.63
2023-01-13T20:00:00Z,1420.62,1465.07,1418.22,1450.31
2023-01-14T00:00:00Z,1449.67,1595.97,1448.67,1555.64
2023-01-14T04:00:00Z,1555.72,1557.53,1541.85,1554.03
2023-01-14T08:00:00Z,1553.47,1565.05,1507.42,1530.54
2023-01-14T12:00:00Z,1530.26,1548.33,1506.82,1525.2
2023-01-14T16:00:00Z,1527.3,1537.18,1522.94,1530.26
2023-01-14T20:00:00Z,1530.32,1557.21,1527.69,1550.43
2023-01-15T00:00:00Z,1551.06,1552.43,1516.53,1525.94
2023-01-15T04:00:00Z,1525.6,1530.79,1523.06,1529.09
2023-01-15T08:00:00Z,1529.19,1534.27,1520.25,1533.84
2023-01-15T12:00:00Z,1533.51,1559.49,1529.53,1557.21
2023-01-15T16:00:00Z,1556.97,1563.59,1534.17,1550.56
2023-01-15T20:00:00Z,1550.95,1561.37,1540.78,1553.11
2023-01-16T00:00:00Z,1552.59,1583.65,1543.91,1569.93
2023-01-16T04:00:00Z,1570.65,1577.68,1564.46,1566.67
2023-01-16T08:00:00Z,1566.6,1566.82,1525.78,1543.08
2023-01-16T12:00:00Z,1543.53,1552.54,1522.49,1549.64
2023-01-16T16:00:00Z,1551.48,1599,1546.27,1591.49
2023-01-16T20:00:00Z,1591.91,1603.68,1574.54,1577.25
2023-01-17T00:00:00Z,1577.08,1582.14,1548.24,1563.79
2023-01-17T04:00:00Z,1563.61,1574.68,1558.76,1563.45
2023-01-17T08:00:00Z,1563.58,1571.76,1558.5,1569.41
2023-01-17T12:00:00Z,1569.59,1605.54,1564.46,1572.11
2023-01-17T16:00:00Z,1570.91,1598.53,1565.66,1589.21
2023-01-17T20:00:00Z,1589.47,1592.76,1564.93,1565.77
2023-01-18T00:00:00Z,1565.77,1591.94,1564.07,1582.38
2023-01-18T04:00:00Z,1582.3,1588.69,1579.17,1583.2
2023-01-18T08:00:00Z,1583.32,1583.62,1571.89,1576.19
2023-01-18T12:00:00Z,1576.13,1608.79,1576.08,1593.86